timestamp,power,hour,dow,sin_hour,cos_hour,lag_1,rolling_3
2025-11-17 11:20:00,113.62013431971481,,,,,,
2025-11-17 11:21:00,114.08163353578766,,,,,,
2025-11-17 11:22:00,114.56352321065616,,,,,,
2025-11-17 11:23:00,115.03347997344535,,,,,,
2025-11-17 11:24:00,115.52590621747609,,,,,,
2025-11-17 11:25:00,116.0203419367943,,,,,,
2025-11-17 11:26:00,116.55112465387917,,,,,,
2025-11-17 11:27:00,117.09688994908379,,,,,,
2025-11-17 11:28:00,117.64456103309526,,,,,,
2025-11-17 11:29:00,118.1699326973123,,,,,,
2025-11-17 11:30:00,118.69805620513064,,,,,,
2025-11-17 11:31:00,119.24119648921484,,,,,,
2025-11-17 11:32:00,119.77332764622587,,,,,,
2025-11-17 11:33:00,120.31574690630168,,,,,,
2025-11-17 11:34:00,120.8629344089004,,,,,,
2025-11-17 11:35:00,121.40482948034962,,,,,,
2025-11-17 11:36:00,121.94303358027227,,,,,,
2025-11-17 11:37:00,122.48485790361676,,,,,,
2025-11-17 11:38:00,123.01953400304907,,,,,,
2025-11-17 11:39:00,123.53684469244406,,,,,,
2025-11-17 11:40:00,124.0347050644532,,,,,,
2025-11-17 11:41:00,124.54750781260738,,,,,,
2025-11-17 11:42:00,125.03868156627877,,,,,,
2025-11-17 11:43:00,125.52487686147245,,,,,,
2025-11-17 11:44:00,125.98634164695605,,,,,,
2025-11-17 11:45:00,126.45915485234222,,,,,,
2025-11-17 11:46:00,126.9015448238939,,,,,,
2025-11-17 11:47:00,127.33214012493904,,,,,,
2025-11-17 11:48:00,127.76146717915134,,,,,,
2025-11-17 11:49:00,128.15435608157873,,,,,,
2025-11-17 11:50:00,128.52415300601479,,,,,,
2025-11-17 11:51:00,128.86942933975413,,,,,,
2025-11-17 11:52:00,129.22971983274317,,,,,,
2025-11-17 11:53:00,129.54252436880353,,,,,,
2025-11-17 11:54:00,129.86919377890692,,,,,,
2025-11-17 11:55:00,130.16969051410825,,,,,,
2025-11-17 11:56:00,130.46584228245908,,,,,,
2025-11-17 11:57:00,130.7483312424493,,,,,,
2025-11-17 11:58:00,131.0157674574025,,,,,,
2025-11-17 11:59:00,131.24879491745293,,,,,,
2025-11-17 12:00:00,131.4595201856316,,,,,,
2025-11-17 12:01:00,131.68926868966346,,,,,,
2025-11-17 12:02:00,131.88801413404735,,,,,,
2025-11-17 12:03:00,132.0689713227143,,,,,,
2025-11-17 12:04:00,132.25055996659887,,,,,,
2025-11-17 12:05:00,132.43622005570782,,,,,,
2025-11-17 12:06:00,132.62564562543528,,,,,,
2025-11-17 12:07:00,132.80414772061584,,,,,,
2025-11-17 12:08:00,132.96376986562234,,,,,,
2025-11-17 12:09:00,133.14519213931186,,,,,,
2025-11-17 12:10:00,133.33163326347577,,,,,,
2025-11-17 12:11:00,133.48037010343498,,,,,,
2025-11-17 12:12:00,133.65926589589827,,,,,,
2025-11-17 12:13:00,133.82733105110782,,,,,,
2025-11-17 12:14:00,134.0075751551435,,,,,,
2025-11-17 12:15:00,134.20221323586082,,,,,,
2025-11-17 12:16:00,134.3961733886371,,,,,,
2025-11-17 12:17:00,134.61300344555252,,,,,,
2025-11-17 12:18:00,134.8072305656291,,,,,,
2025-11-17 12:19:00,135.01674426728053,,,,,,
2025-11-17 12:20:00,135.26004603713704,,,,,,
2025-11-17 12:21:00,135.5127482033132,,,,,,
2025-11-17 12:22:00,135.7625308242234,,,,,,
2025-11-17 12:23:00,136.04996612676365,,,,,,
2025-11-17 12:24:00,136.36046261420108,,,,,,
2025-11-17 12:25:00,136.66980381420444,,,,,,
2025-11-17 12:26:00,137.00578454031782,,,,,,
2025-11-17 12:27:00,137.3495532828734,,,,,,
2025-11-17 12:28:00,137.71391581231777,,,,,,
2025-11-17 12:29:00,138.08302458982547,,,,,,
2025-11-17 12:30:00,138.4877129745143,,,,,,
2025-11-17 12:31:00,138.88620404971718,,,,,,
2025-11-17 12:32:00,139.29569479617575,,,,,,
2025-11-17 12:33:00,139.7537245701677,,,,,,
2025-11-17 12:34:00,140.21374665352747,,,,,,
2025-11-17 12:35:00,140.70580523313453,,,,,,
2025-11-17 12:36:00,141.21401028752683,,,,,,
2025-11-17 12:37:00,141.7074672176618,,,,,,
2025-11-17 12:38:00,142.21548109896594,,,,,,
2025-11-17 12:39:00,142.73445035092828,,,,,,
2025-11-17 12:40:00,143.28011359158455,,,,,,
2025-11-17 12:41:00,143.81190031771655,,,,,,
2025-11-17 12:42:00,144.3856376270566,,,,,,
2025-11-17 12:43:00,144.93462020864808,,,,,,
2025-11-17 12:44:00,145.52507240871097,,,,,,
2025-11-17 12:45:00,146.0886867086494,,,,,,
2025-11-17 12:46:00,146.6894759236852,,,,,,
2025-11-17 12:47:00,147.2776024891207,,,,,,
2025-11-17 12:48:00,147.87334866347103,,,,,,
2025-11-17 12:49:00,148.478923904003,,,,,,
2025-11-17 12:50:00,149.07797609127508,,,,,,
2025-11-17 12:51:00,149.64505576887683,,,,,,
2025-11-17 12:52:00,150.21633301669823,,,,,,
2025-11-17 12:53:00,150.77351514381422,,,,,,
2025-11-17 12:54:00,151.32049462847777,,,,,,
2025-11-17 12:55:00,151.8806635975158,,,,,,
2025-11-17 12:56:00,152.44125783629826,,,,,,
2025-11-17 12:57:00,152.96861493620477,,,,,,
2025-11-17 12:58:00,153.49429963586002,,,,,,
2025-11-17 12:59:00,154.0232942923847,,,,,,
2025-11-17 13:00:00,154.51944658681845,,,,,,
2025-11-17 13:01:00,155.01336059036336,,,,,,
2025-11-17 13:02:00,155.49319949183678,,,,,,
2025-11-17 13:03:00,155.96336239572398,,,,,,
2025-11-17 13:04:00,156.38648701296535,,,,,,
2025-11-17 13:05:00,156.8288543163995,,,,,,
2025-11-17 13:06:00,157.21756277775205,,,,,,
2025-11-17 13:07:00,157.60181115324033,,,,,,
2025-11-17 13:08:00,157.99381315739592,,,,,,
2025-11-17 13:09:00,158.33757391757828,,,,,,
2025-11-17 13:10:00,158.6787718813525,,,,,,
2025-11-17 13:11:00,159.01219970393734,,,,,,
2025-11-17 13:12:00,159.33070109269562,,,,,,
2025-11-17 13:13:00,159.62617403786848,,,,,,
2025-11-17 13:14:00,159.89242518475132,,,,,,
2025-11-17 13:15:00,160.16630341254748,,,,,,
2025-11-17 13:16:00,160.43567049712368,,,,,,
2025-11-17 13:17:00,160.68334917135826,,,,,,
2025-11-17 13:18:00,160.9120968771473,,,,,,
2025-11-17 13:19:00,161.1351241162079,,,,,,
2025-11-17 13:20:00,161.35020609170522,,,,,,
2025-11-17 13:21:00,161.57177727491592,,,,,,
2025-11-17 13:22:00,161.7773366485154,,,,,,
2025-11-17 13:23:00,161.98445591318827,,,,,,
2025-11-17 13:24:00,162.19671211197848,,,,,,
2025-11-17 13:25:00,162.4138975773917,,,,,,
2025-11-17 13:26:00,162.61490951288303,,,,,,
2025-11-17 13:27:00,162.84029627480183,,,,,,
2025-11-17 13:28:00,163.0595723859904,,,,,,
2025-11-17 13:29:00,163.27706440694396,,,,,,
2025-11-17 13:30:00,163.50303480826588,,,,,,
2025-11-17 13:31:00,163.72600034506394,,,,,,
2025-11-17 13:32:00,163.95710894004407,,,,,,
2025-11-17 13:33:00,164.21949936624208,,,,,,
2025-11-17 13:34:00,164.47477270812772,,,,,,
2025-11-17 13:35:00,164.73472352887325,,,,,,
2025-11-17 13:36:00,165.00551619132747,,,,,,
2025-11-17 13:37:00,165.31159879371648,,,,,,
2025-11-17 13:38:00,165.63009721216264,,,,,,
2025-11-17 13:39:00,165.9431872763146,,,,,,
2025-11-17 13:40:00,166.28620630880556,,,,,,
2025-11-17 13:41:00,166.63734790207522,,,,,,
2025-11-17 13:42:00,167.0034710224143,,,,,,
2025-11-17 13:43:00,167.40900195670415,,,,,,
2025-11-17 13:44:00,167.8030856442562,,,,,,
2025-11-17 13:45:00,168.23056028618848,,,,,,
2025-11-17 13:46:00,168.67921352104233,,,,,,
2025-11-17 13:47:00,169.12244041837815,,,,,,
2025-11-17 13:48:00,169.60373268638654,,,,,,
2025-11-17 13:49:00,170.08595152372143,,,,,,
2025-11-17 13:50:00,170.57567809820208,,,,,,
2025-11-17 13:51:00,171.11760319172802,,,,,,
2025-11-17 13:52:00,171.66808692563075,,,,,,
2025-11-17 13:53:00,172.20836144118888,,,,,,
2025-11-17 13:54:00,172.76625064535685,,,,,,
2025-11-17 13:55:00,173.3357527080523,,,,,,
2025-11-17 13:56:00,173.91578021516042,,,,,,
2025-11-17 13:57:00,174.5087167247255,,,,,,
2025-11-17 13:58:00,175.0987661687292,,,,,,
2025-11-17 13:59:00,175.71650550398232,,,,,,
2025-11-17 14:00:00,176.32633186246755,,,,,,
2025-11-17 14:01:00,176.94618586932322,,,,,,
2025-11-17 14:02:00,177.56931812925254,,,,,,
2025-11-17 14:03:00,178.1902739938248,,,,,,
2025-11-17 14:04:00,178.8006409318335,,,,,,
2025-11-17 14:05:00,179.4126416762497,,,,,,
2025-11-17 14:06:00,180.03224347176825,,,,,,
2025-11-17 14:07:00,180.65362470740254,,,,,,
2025-11-17 14:08:00,181.2511729042536,,,,,,
2025-11-17 14:09:00,181.85430830661863,,,,,,
2025-11-17 14:10:00,182.44479645540002,,,,,,
2025-11-17 14:11:00,183.03898927534826,,,,,,
2025-11-17 14:12:00,183.604961719272,,,,,,
2025-11-17 14:13:00,184.15467174249903,,,,,,
2025-11-17 14:14:00,184.71654058368614,,,,,,
2025-11-17 14:15:00,185.26268906906154,,,,,,
2025-11-17 14:16:00,185.7912720685538,,,,,,
2025-11-17 14:17:00,186.2945162637628,,,,,,
2025-11-17 14:18:00,186.79946591810736,,,,,,
2025-11-17 14:19:00,187.29274318195874,,,,,,
2025-11-17 14:20:00,187.74450254648923,,,,,,
2025-11-17 14:21:00,188.2127807084884,,,,,,
2025-11-17 14:22:00,188.65747980344233,,,,,,
2025-11-17 14:23:00,189.08133340672723,,,,,,
2025-11-17 14:24:00,189.46534380043033,,,,,,
2025-11-17 14:25:00,189.84668206439795,,,,,,
2025-11-17 14:26:00,190.21229911893587,,,,,,
2025-11-17 14:27:00,190.5598241116885,,,,,,
2025-11-17 14:28:00,190.91979111182567,,,,,,
2025-11-17 14:29:00,191.23783316696753,,,,,,
2025-11-17 14:30:00,191.56031165650174,,,,,,
2025-11-17 14:31:00,191.8826359012221,,,,,,
2025-11-17 14:32:00,192.18648614959332,,,,,,
2025-11-17 14:33:00,192.48402900056837,,,,,,
2025-11-17 14:34:00,192.7740560247847,,,,,,
2025-11-17 14:35:00,193.03139060927214,,,,,,
2025-11-17 14:36:00,193.28935687243361,,,,,,
2025-11-17 14:37:00,193.52777699650383,,,,,,
2025-11-17 14:38:00,193.7737653026062,,,,,,
2025-11-17 14:39:00,194.0208027171169,,,,,,
2025-11-17 14:40:00,194.27979178840374,,,,,,
2025-11-17 14:41:00,194.52170143549304,,,,,,
2025-11-17 14:42:00,194.77843604752985,,,,,,
2025-11-17 14:43:00,195.02890077837765,,,,,,
2025-11-17 14:44:00,195.27597280797437,,,,,,
2025-11-17 14:45:00,195.54709557513183,,,,,,
2025-11-17 14:46:00,195.8207917081973,,,,,,
2025-11-17 14:47:00,196.07611170739835,,,,,,
2025-11-17 14:48:00,196.37311180720295,,,,,,
2025-11-17 14:49:00,196.66277847270834,,,,,,
2025-11-17 14:50:00,196.95725790891953,,,,,,
2025-11-17 14:51:00,197.2595015152676,,,,,,
2025-11-17 14:52:00,197.57489556875058,,,,,,
2025-11-17 14:53:00,197.92761980024494,,,,,,
2025-11-17 14:54:00,198.28907979729,,,,,,
2025-11-17 14:55:00,198.66719486632707,,,,,,
2025-11-17 14:56:00,199.06780394744115,,,,,,
2025-11-17 14:57:00,199.48298016443056,,,,,,
2025-11-17 14:58:00,199.91520672957546,,,,,,
2025-11-17 14:59:00,200.3524736528208,,,,,,
2025-11-17 15:00:00,200.80423127704063,,,,,,
2025-11-17 15:01:00,201.29471246518028,,,,,,
2025-11-17 15:02:00,201.7811967615167,,,,,,
2025-11-17 15:03:00,202.2951953576255,,,,,,
2025-11-17 15:04:00,202.81882172118165,,,,,,
2025-11-17 15:05:00,203.36940603011558,,,,,,
2025-11-17 15:06:00,203.917090745632,,,,,,
2025-11-17 15:07:00,204.49109183315187,,,,,,
2025-11-17 15:08:00,205.06298724926936,,,,,,
2025-11-17 15:09:00,205.64527712900104,,,,,,
2025-11-17 15:10:00,206.2694758316945,,,,,,
2025-11-17 15:11:00,206.87241751654966,,,,,,
2025-11-17 15:12:00,207.51484916489514,,,,,,
2025-11-17 15:13:00,208.13270392647883,,,,,,
2025-11-17 15:14:00,208.76897165762847,,,,,,
2025-11-17 15:15:00,209.41970131363027,,,,,,
2025-11-17 15:16:00,210.06936663524365,,,,,,
2025-11-17 15:17:00,210.71190255637381,,,,,,
2025-11-17 15:18:00,211.3540717619534,,,,,,
2025-11-17 15:19:00,212.02814154183451,,,,,,
2025-11-17 15:20:00,212.6934509366146,,,,,,
2025-11-17 15:21:00,213.35789618736416,,,,,,
2025-11-17 15:22:00,214.02635588641067,,,,,,
2025-11-17 15:23:00,214.696273601844,,,,,,
2025-11-17 15:24:00,215.3348097418622,,,,,,
2025-11-17 15:25:00,215.98639115956377,,,,,,
2025-11-17 15:26:00,216.606638844343,,,,,,
2025-11-17 15:27:00,217.2155021860958,,,,,,
2025-11-17 15:28:00,217.8100559355221,,,,,,
2025-11-17 15:29:00,218.39475387225917,,,,,,
2025-11-17 15:30:00,218.97974073941478,,,,,,
2025-11-17 15:31:00,219.54140129200164,,,,,,
2025-11-17 15:32:00,220.08734975853469,,,,,,
2025-11-17 15:33:00,220.64899659497493,,,,,,
2025-11-17 15:34:00,221.1580932984858,,,,,,
2025-11-17 15:35:00,221.66733223360782,,,,,,
2025-11-17 15:36:00,222.1805161556023,,,,,,
2025-11-17 15:37:00,222.6731952622755,,,,,,
2025-11-17 15:38:00,223.1230952762538,,,,,,
2025-11-17 15:39:00,223.55783265100249,,,,,,
2025-11-17 15:40:00,223.9887911985625,,,,,,
2025-11-17 15:41:00,224.38432365133266,,,,,,
2025-11-17 15:42:00,224.77323335012096,,,,,,
2025-11-17 15:43:00,225.15648098061217,,,,,,
2025-11-17 15:44:00,225.53110567799524,,,,,,
2025-11-17 15:45:00,225.88892379701198,,,,,,
2025-11-17 15:46:00,226.25082580147503,,,,,,
2025-11-17 15:47:00,226.56882736104959,,,,,,
2025-11-17 15:48:00,226.88975291736415,,,,,,
2025-11-17 15:49:00,227.2028154917971,,,,,,
2025-11-17 15:50:00,227.4949076246285,,,,,,
2025-11-17 15:51:00,227.77570668342256,,,,,,
2025-11-17 15:52:00,228.0823506731426,,,,,,
2025-11-17 15:53:00,228.38165632955852,,,,,,
2025-11-17 15:54:00,228.6605095123591,,,,,,
2025-11-17 15:55:00,228.9309868759451,,,,,,
2025-11-17 15:56:00,229.20281747396453,,,,,,
2025-11-17 15:57:00,229.5024300025467,,,,,,
2025-11-17 15:58:00,229.79929659077803,,,,,,
2025-11-17 15:59:00,230.0706932891008,,,,,,
2025-11-17 16:00:00,230.34474082775344,,,,,,
2025-11-17 16:01:00,230.6248320921046,,,,,,
2025-11-17 16:02:00,230.94901752397234,,,,,,
2025-11-17 16:03:00,231.26389987756548,,,,,,
2025-11-17 16:04:00,231.59505349547723,,,,,,
2025-11-17 16:05:00,231.92911224542925,,,,,,
2025-11-17 16:06:00,232.28222797145574,,,,,,
2025-11-17 16:07:00,232.6400976530759,,,,,,
2025-11-17 16:08:00,233.02155262187256,,,,,,
2025-11-17 16:09:00,233.39361077045427,,,,,,
2025-11-17 16:10:00,233.79825668411445,,,,,,
2025-11-17 16:11:00,234.2278441210206,,,,,,
2025-11-17 16:12:00,234.67022179266846,,,,,,
2025-11-17 16:13:00,235.1304329717411,,,,,,
2025-11-17 16:14:00,235.59479742373978,,,,,,
2025-11-17 16:15:00,236.0720971076958,,,,,,
2025-11-17 16:16:00,236.58385974691117,,,,,,
2025-11-17 16:17:00,237.112814147817,,,,,,
2025-11-17 16:18:00,237.6470943085349,,,,,,
2025-11-17 16:19:00,238.19782717924616,,,,,,
2025-11-17 16:20:00,238.77693801822377,,,,,,
2025-11-17 16:21:00,239.3637841498513,,,,,,
2025-11-17 16:22:00,239.9556891453332,,,,,,
2025-11-17 16:23:00,240.55355230833865,,,,,,
2025-11-17 16:24:00,241.18884543046295,,,,,,
2025-11-17 16:25:00,241.8135167094952,,,,,,
2025-11-17 16:26:00,242.4706366304494,,,,,,
2025-11-17 16:27:00,243.1494016688921,,,,,,
2025-11-17 16:28:00,243.82608827730152,,,,,,
2025-11-17 16:29:00,244.52494207790843,,,,,,
2025-11-17 16:30:00,245.2172227852196,,,,,,
2025-11-17 16:31:00,245.92729752237014,,,,,,
2025-11-17 16:32:00,246.61116522413855,,,,,,
2025-11-17 16:33:00,247.28965313373783,,,,,,
2025-11-17 16:34:00,248.0025540263496,,,,,,
2025-11-17 16:35:00,248.68373762566472,,,,,,
2025-11-17 16:36:00,249.3765066635685,,,,,,
2025-11-17 16:37:00,250.07617810808654,,,,,,
2025-11-17 16:38:00,250.76134161117562,,,,,,
2025-11-17 16:39:00,251.46596234609143,,,,,,
2025-11-17 16:40:00,252.12895271231886,,,,,,
2025-11-17 16:41:00,252.7796968102467,,,,,,
2025-11-17 16:42:00,253.42716785677217,,,,,,
2025-11-17 16:43:00,254.08097949083106,,,,,,
2025-11-17 16:44:00,254.71214164962828,,,,,,
2025-11-17 16:45:00,255.3440837536827,,,,,,
2025-11-17 16:46:00,255.94781344461305,,,,,,
2025-11-17 16:47:00,256.5639953589496,,,,,,
2025-11-17 16:48:00,257.1688302326899,,,,,,
2025-11-17 16:49:00,257.72111713418195,,,,,,
2025-11-17 16:50:00,258.28167012931027,,,,,,
2025-11-17 16:51:00,258.8231153463887,,,,,,
2025-11-17 16:52:00,259.35270036398026,,,,,,
2025-11-17 16:53:00,259.8456349366127,,,,,,
2025-11-17 16:54:00,260.3500357203253,,,,,,
2025-11-17 16:55:00,260.8257906680871,,,,,,
2025-11-17 16:56:00,261.30243442003155,,,,,,
2025-11-17 16:57:00,261.7316631490971,,,,,,
2025-11-17 16:58:00,262.1452697787117,,,,,,
2025-11-17 16:59:00,262.57910433014234,,,,,,
2025-11-17 17:00:00,262.9830409127965,,,,,,
2025-11-17 17:01:00,263.388839553469,,,,,,
2025-11-17 17:02:00,263.75491923698587,,,,,,
2025-11-17 17:03:00,264.12392709407385,,,,,,
2025-11-17 17:04:00,264.45929570189924,,,,,,
2025-11-17 17:05:00,264.80817226747513,,,,,,
2025-11-17 17:06:00,265.16166011987974,,,,,,
2025-11-17 17:07:00,265.48342992022464,,,,,,
2025-11-17 17:08:00,265.8141307846273,,,,,,
2025-11-17 17:09:00,266.1202900393856,,,,,,
2025-11-17 17:10:00,266.45572488230965,,,,,,
2025-11-17 17:11:00,266.76724185064944,,,,,,
2025-11-17 17:12:00,267.0893616362108,,,,,,
2025-11-17 17:13:00,267.39785406150617,,,,,,
2025-11-17 17:14:00,267.71454021608696,,,,,,
2025-11-17 17:15:00,268.03246200394426,,,,,,
2025-11-17 17:16:00,268.3486575933209,,,,,,
2025-11-17 17:17:00,268.6742798710943,,,,,,
2025-11-17 17:18:00,269.01900084216277,,,,,,
2025-11-17 17:19:00,269.38525020376704,,,,,,
2025-11-17 17:20:00,269.7470677404443,,,,,,
2025-11-17 17:21:00,270.1297757829345,,,,,,
2025-11-17 17:22:00,270.5403549447693,,,,,,
2025-11-17 17:23:00,270.94306382815296,,,,,,
2025-11-17 17:24:00,271.3606755647258,,,,,,
2025-11-17 17:25:00,271.80765179707,,,,,,
2025-11-17 17:26:00,272.25241765097894,,,,,,
2025-11-17 17:27:00,272.7317963201094,,,,,,
2025-11-17 17:28:00,273.2107209402442,,,,,,
2025-11-17 17:29:00,273.69888538701815,,,,,,
2025-11-17 17:30:00,274.2029517572938,,,,,,
2025-11-17 17:31:00,274.7326995928431,,,,,,
2025-11-17 17:32:00,275.2659559454931,,,,,,
2025-11-17 17:33:00,275.84765065550266,,,,,,
2025-11-17 17:34:00,276.4187837653287,,,,,,
2025-11-17 17:35:00,277.0339090738329,,,,,,
2025-11-17 17:36:00,277.66753571163673,,,,,,
2025-11-17 17:37:00,278.3078255114704,,,,,,
2025-11-17 17:38:00,278.9708241211487,,,,,,
2025-11-17 17:39:00,279.6205282517352,,,,,,
2025-11-17 17:40:00,280.2944893549925,,,,,,
2025-11-17 17:41:00,280.9823719489665,,,,,,
2025-11-17 17:42:00,281.6693926009748,,,,,,
2025-11-17 17:43:00,282.366228833433,,,,,,
2025-11-17 17:44:00,283.09457734362036,,,,,,
2025-11-17 17:45:00,283.8249665977672,,,,,,
2025-11-17 17:46:00,284.5423754881245,,,,,,
2025-11-17 17:47:00,285.2942173318623,,,,,,
2025-11-17 17:48:00,286.02884214727464,,,,,,
2025-11-17 17:49:00,286.75606229443605,,,,,,
2025-11-17 17:50:00,287.5104105434114,,,,,,
2025-11-17 17:51:00,288.2429593772428,,,,,,
2025-11-17 17:52:00,288.9831800053139,,,,,,
2025-11-17 17:53:00,289.72456006924307,,,,,,
2025-11-17 17:54:00,290.46687771702204,,,,,,
2025-11-17 17:55:00,291.1700531930372,,,,,,
2025-11-17 17:56:00,291.86495250448246,,,,,,
2025-11-17 17:57:00,292.5760974360587,,,,,,
2025-11-17 17:58:00,293.26101197190474,,,,,,
2025-11-17 17:59:00,293.9545411291469,,,,,,
2025-11-17 18:00:00,294.6439412574831,,,,,,
2025-11-17 18:01:00,295.30399774727687,,,,,,
2025-11-17 18:02:00,295.9422282483508,,,,,,
2025-11-17 18:03:00,296.56928934830916,,,,,,
2025-11-17 18:04:00,297.18298476491503,,,,,,
2025-11-17 18:05:00,297.7627716973261,,,,,,
2025-11-17 18:06:00,298.3297418978183,,,,,,
2025-11-17 18:07:00,298.88753089622804,,,,,,
2025-11-17 18:08:00,299.4339350832043,,,,,,
2025-11-17 18:09:00,299.973999722624,,,,,,
2025-11-17 18:10:00,300.51168573260395,,,,,,
2025-11-17 18:11:00,301.017890314617,,,,,,
2025-11-17 18:12:00,301.5122802737724,,,,,,
2025-11-17 18:13:00,301.9946834175134,,,,,,
2025-11-17 18:14:00,302.4578124783283,,,,,,
2025-11-17 18:15:00,302.8893013429134,,,,,,
2025-11-17 18:16:00,303.31701775815947,,,,,,
2025-11-17 18:17:00,303.7222156059806,,,,,,
2025-11-17 18:18:00,304.13612671834426,,,,,,
2025-11-17 18:19:00,304.5489031866569,,,,,,
2025-11-17 18:20:00,304.9438371247344,,,,,,
2025-11-17 18:21:00,305.33266930245844,,,,,,
2025-11-17 18:22:00,305.7039534093926,,,,,,
2025-11-17 18:23:00,306.0685489564577,,,,,,
2025-11-17 18:24:00,306.4220531645773,,,,,,
2025-11-17 18:25:00,306.79785613863714,,,,,,
2025-11-17 18:26:00,307.14269121515156,,,,,,
2025-11-17 18:27:00,307.4875432178419,,,,,,
2025-11-17 18:28:00,307.86357816457803,,,,,,
2025-11-17 18:29:00,308.2040749290894,,,,,,
2025-11-17 18:30:00,308.56333828651043,,,,,,
2025-11-17 18:31:00,308.9159061509378,,,,,,
2025-11-17 18:32:00,309.29019028468946,,,,,,
2025-11-17 18:33:00,309.67124636686907,,,,,,
2025-11-17 18:34:00,310.0506483810616,,,,,,
2025-11-17 18:35:00,310.43227894932414,,,,,,
2025-11-17 18:36:00,310.83136373024917,,,,,,
2025-11-17 18:37:00,311.27135594415955,,,,,,
2025-11-17 18:38:00,311.691065021871,,,,,,
2025-11-17 18:39:00,312.13862365755745,,,,,,
2025-11-17 18:40:00,312.6215137058602,,,,,,
2025-11-17 18:41:00,313.09096388538575,,,,,,
2025-11-17 18:42:00,313.5794522168575,,,,,,
2025-11-17 18:43:00,314.08747223126153,,,,,,
2025-11-17 18:44:00,314.6218974777445,,,,,,
2025-11-17 18:45:00,315.1787402221635,,,,,,
2025-11-17 18:46:00,315.7599981104075,,,,,,
2025-11-17 18:47:00,316.36259876986526,,,,,,
2025-11-17 18:48:00,316.95084298131934,,,,,,
2025-11-17 18:49:00,317.564170306557,,,,,,
2025-11-17 18:50:00,318.17956705699567,,,,,,
2025-11-17 18:51:00,318.8406173180699,,,,,,
2025-11-17 18:52:00,319.5089217914815,,,,,,
2025-11-17 18:53:00,320.19390238923575,,,,,,
2025-11-17 18:54:00,320.87204130407525,,,,,,
2025-11-17 18:55:00,321.58267592526306,,,,,,
2025-11-17 18:56:00,322.3019190471481,,,,,,
2025-11-17 18:57:00,323.0495486374747,,,,,,
2025-11-17 18:58:00,323.78055550516234,,,,,,
2025-11-17 18:59:00,324.53881461362613,,,,,,
2025-11-17 19:00:00,325.29290707341306,,,,,,
2025-11-17 19:01:00,326.0482959434786,,,,,,
2025-11-17 19:02:00,326.81150954747585,,,,,,
2025-11-17 19:03:00,327.5727282272043,,,,,,
2025-11-17 19:04:00,328.35711007395554,,,,,,
2025-11-17 19:05:00,329.14060475464987,,,,,,
2025-11-17 19:06:00,329.91257606226213,,,,,,
2025-11-17 19:07:00,330.68337106291153,,,,,,
2025-11-17 19:08:00,331.46989973749027,,,,,,
2025-11-17 19:09:00,332.2518374372408,,,,,,
2025-11-17 19:10:00,332.999981659111,,,,,,
2025-11-17 19:11:00,333.747827668631,,,,,,
2025-11-17 19:12:00,334.49588662433297,,,,,,
2025-11-17 19:13:00,335.2149489261873,,,,,,
2025-11-17 19:14:00,335.9464970018302,,,,,,
2025-11-17 19:15:00,336.64634674340607,,,,,,
2025-11-17 19:16:00,337.3318030219683,,,,,,
2025-11-17 19:17:00,338.00846505678976,,,,,,
2025-11-17 19:18:00,338.6722647889812,,,,,,
2025-11-17 19:19:00,339.3356128907026,,,,,,
2025-11-17 19:20:00,339.98598972891017,,,,,,
2025-11-17 19:21:00,340.61962885667583,,,,,,
2025-11-17 19:22:00,341.2186019681545,,,,,,
2025-11-17 19:23:00,341.79594165328723,,,,,,
2025-11-17 19:24:00,342.3664997979841,,,,,,
2025-11-17 19:25:00,342.94255277832804,,,,,,
2025-11-17 19:26:00,343.487192990257,,,,,,
2025-11-17 19:27:00,344.0190310677129,,,,,,
2025-11-17 19:28:00,344.52062643373995,,,,,,
2025-11-17 19:29:00,345.00369696101086,,,,,,
2025-11-17 19:30:00,345.4902703770589,,,,,,
2025-11-17 19:31:00,345.9683245974297,,,,,,
2025-11-17 19:32:00,346.4386710641627,,,,,,
2025-11-17 19:33:00,346.87028953082546,,,,,,
2025-11-17 19:34:00,347.30749345278326,,,,,,
2025-11-17 19:35:00,347.72255494356557,,,,,,
2025-11-17 19:36:00,348.131527383612,,,,,,
2025-11-17 19:37:00,348.5323020818606,,,,,,
2025-11-17 19:38:00,348.92912566758304,,,,,,
2025-11-17 19:39:00,349.3320262689197,,,,,,
2025-11-17 19:40:00,349.74789332734935,,,,,,
2025-11-17 19:41:00,350.1265001687641,,,,,,
2025-11-17 19:42:00,350.5176786575911,,,,,,
2025-11-17 19:43:00,350.896758030045,,,,,,
2025-11-17 19:44:00,351.2885850281602,,,,,,
2025-11-17 19:45:00,351.6834269441375,,,,,,
2025-11-17 19:46:00,352.1013967823202,,,,,,
2025-11-17 19:47:00,352.5047331160499,,,,,,
2025-11-17 19:48:00,352.9413989606063,,,,,,
2025-11-17 19:49:00,353.3791490955048,,,,,,
2025-11-17 19:50:00,353.82115552998135,,,,,,
2025-11-17 19:51:00,354.26575670864344,,,,,,
2025-11-17 19:52:00,354.7184419284969,,,,,,
2025-11-17 19:53:00,355.19795134417916,,,,,,
2025-11-17 19:54:00,355.6731451188504,,,,,,
2025-11-17 19:55:00,356.16858840402216,,,,,,
2025-11-17 19:56:00,356.6631996888653,,,,,,
2025-11-17 19:57:00,357.1833146884672,,,,,,
2025-11-17 19:58:00,357.73135329841614,,,,,,
2025-11-17 19:59:00,358.27428497180006,,,,,,
2025-11-17 20:00:00,358.8640931569075,,,,,,
2025-11-17 20:01:00,359.44488698102793,,,,,,
2025-11-17 20:02:00,360.07533942243316,,,,,,
2025-11-17 20:03:00,360.69893740237853,,,,,,
2025-11-17 20:04:00,361.36381373249947,,,,,,
2025-11-17 20:05:00,362.03809232511037,,,,,,
2025-11-17 20:06:00,362.7084231471854,,,,,,
2025-11-17 20:07:00,363.4152224385741,,,,,,
2025-11-17 20:08:00,364.13505922119214,,,,,,
2025-11-17 20:09:00,364.84538054291676,,,,,,
2025-11-17 20:10:00,365.60393172984607,,,,,,
2025-11-17 20:11:00,366.3501783565529,,,,,,
2025-11-17 20:12:00,367.0956857421533,,,,,,
2025-11-17 20:13:00,367.8822354339903,,,,,,
2025-11-17 20:14:00,368.6697069945124,,,,,,
2025-11-17 20:15:00,369.4809802807349,,,,,,
2025-11-17 20:16:00,370.2960193071406,,,,,,
2025-11-17 20:17:00,371.0949300895251,,,,,,
2025-11-17 20:18:00,371.91601350349066,,,,,,
2025-11-17 20:19:00,372.7165458845759,,,,,,
2025-11-17 20:20:00,373.5110093983956,,,,,,
2025-11-17 20:21:00,374.3077391541766,,,,,,
2025-11-17 20:22:00,375.1384194355742,,,,,,
2025-11-17 20:23:00,375.93919932308876,,,,,,
2025-11-17 20:24:00,376.72621540395073,,,,,,
2025-11-17 20:25:00,377.52496282942315,,,,,,
2025-11-17 20:26:00,378.3237604085857,,,,,,
2025-11-17 20:27:00,379.1162077428866,,,,,,
2025-11-17 20:28:00,379.8810252746224,,,,,,
2025-11-17 20:29:00,380.62902504238156,,,,,,
2025-11-17 20:30:00,381.3949106457253,,,,,,
2025-11-17 20:31:00,382.1465122045253,,,,,,
2025-11-17 20:32:00,382.8813840110018,,,,,,
2025-11-17 20:33:00,383.61186718229027,,,,,,
2025-11-17 20:34:00,384.29986742857017,,,,,,
2025-11-17 20:35:00,384.97088503248386,,,,,,
2025-11-17 20:36:00,385.65312537144376,,,,,,
2025-11-17 20:37:00,386.3175159713119,,,,,,
2025-11-17 20:38:00,386.9763382601349,,,,,,
2025-11-17 20:39:00,387.61594003876485,,,,,,
2025-11-17 20:40:00,388.20815815495115,,,,,,
2025-11-17 20:41:00,388.8164819433478,,,,,,
2025-11-17 20:42:00,389.4042808476592,,,,,,
2025-11-17 20:43:00,389.95332237993927,,,,,,
2025-11-17 20:44:00,390.50792365402236,,,,,,
2025-11-17 20:45:00,391.0344181621005,,,,,,
2025-11-17 20:46:00,391.53757374060933,,,,,,
2025-11-17 20:47:00,392.0352748249739,,,,,,
2025-11-17 20:48:00,392.5289988665128,,,,,,
2025-11-17 20:49:00,393.00121050148505,,,,,,
2025-11-17 20:50:00,393.45753015881235,,,,,,
2025-11-17 20:51:00,393.9002343246511,,,,,,
2025-11-17 20:52:00,394.33836680983813,,,,,,
2025-11-17 20:53:00,394.79549841070457,,,,,,
2025-11-17 20:54:00,395.2187288953737,,,,,,
2025-11-17 20:55:00,395.6524901789533,,,,,,
2025-11-17 20:56:00,396.0748101282723,,,,,,
2025-11-17 20:57:00,396.52333441897594,,,,,,
2025-11-17 20:58:00,396.9353140601342,,,,,,
2025-11-17 20:59:00,397.3656305829603,,,,,,
2025-11-17 21:00:00,397.79294566621246,,,,,,
2025-11-17 21:01:00,398.24395493879774,,,,,,
2025-11-17 21:02:00,398.70630455895497,,,,,,
2025-11-17 21:03:00,399.1465908721586,,,,,,
2025-11-17 21:04:00,399.59971832177223,,,,,,
2025-11-17 21:05:00,400.07317666886996,,,,,,
2025-11-17 21:06:00,400.5460068802552,,,,,,
2025-11-17 21:07:00,401.0242282444994,,,,,,
2025-11-17 21:08:00,401.54499158359073,,,,,,
2025-11-17 21:09:00,402.0431335217118,,,,,,
2025-11-17 21:10:00,402.566990584901,,,,,,
2025-11-17 21:11:00,403.09294823837047,,,,,,
2025-11-17 21:12:00,403.663276312679,,,,,,
2025-11-17 21:13:00,404.232412711378,,,,,,
2025-11-17 21:14:00,404.8113325678521,,,,,,
2025-11-17 21:15:00,405.439377669923,,,,,,
2025-11-17 21:16:00,406.0730141175918,,,,,,
2025-11-17 21:17:00,406.72956396650636,,,,,,
2025-11-17 21:18:00,407.37249423022143,,,,,,
2025-11-17 21:19:00,408.04834286679426,,,,,,
2025-11-17 21:20:00,408.74074345091526,,,,,,
2025-11-17 21:21:00,409.4439916808345,,,,,,
2025-11-17 21:22:00,410.15759165255554,,,,,,
2025-11-17 21:23:00,410.8903423580546,,,,,,
2025-11-17 21:24:00,411.65964418278423,,,,,,
2025-11-17 21:25:00,412.439399505714,,,,,,
2025-11-17 21:26:00,413.2202175657478,,,,,,
2025-11-17 21:27:00,414.0296049242283,,,,,,
2025-11-17 21:28:00,414.85638717525126,,,,,,
2025-11-17 21:29:00,415.6634433146019,,,,,,
2025-11-17 21:30:00,416.4807901245764,,,,,,
2025-11-17 21:31:00,417.3099442794066,,,,,,
2025-11-17 21:32:00,418.14668951633513,,,,,,
2025-11-17 21:33:00,419.00258552817326,,,,,,
2025-11-17 21:34:00,419.84739954183493,,,,,,
2025-11-17 21:35:00,420.693078236336,,,,,,
2025-11-17 21:36:00,421.5297183307702,,,,,,
2025-11-17 21:37:00,422.38095645674974,,,,,,
2025-11-17 21:38:00,423.2340676831205,,,,,,
2025-11-17 21:39:00,424.0867699562129,,,,,,
2025-11-17 21:40:00,424.9110064185998,,,,,,
2025-11-17 21:41:00,425.74722426546685,,,,,,
2025-11-17 21:42:00,426.5741145850924,,,,,,
2025-11-17 21:43:00,427.39681099848747,,,,,,
2025-11-17 21:44:00,428.2192381510175,,,,,,
2025-11-17 21:45:00,428.99915354182957,,,,,,
2025-11-17 21:46:00,429.7754129659996,,,,,,
2025-11-17 21:47:00,430.54828482983214,,,,,,
2025-11-17 21:48:00,431.30935658850944,,,,,,
2025-11-17 21:49:00,432.06808266284696,,,,,,
2025-11-17 21:50:00,432.80217806994375,,,,,,
2025-11-17 21:51:00,433.50085803312174,,,,,,
2025-11-17 21:52:00,434.1994847594593,,,,,,
2025-11-17 21:53:00,434.9026602288774,,,,,,
2025-11-17 21:54:00,435.5643111641676,,,,,,
2025-11-17 21:55:00,436.2083568475091,,,,,,
2025-11-17 21:56:00,436.83203340135606,,,,,,
2025-11-17 21:57:00,437.4533407026542,,,,,,
2025-11-17 21:58:00,438.0658998505312,,,,,,
2025-11-17 21:59:00,438.64455735534494,,,,,,
2025-11-17 22:00:00,439.2185303316338,,,,,,
2025-11-17 22:01:00,439.78283122848376,,,,,,
2025-11-17 22:02:00,440.347842261382,,,,,,
2025-11-17 22:03:00,440.8958717800527,,,,,,
2025-11-17 22:04:00,441.4072233340262,,,,,,
2025-11-17 22:05:00,441.9246564917579,,,,,,
2025-11-17 22:06:00,442.4438819865379,,,,,,
2025-11-17 22:07:00,442.95307930413804,,,,,,
2025-11-17 22:08:00,443.45639694040074,,,,,,
2025-11-17 22:09:00,443.9511936425229,,,,,,
2025-11-17 22:10:00,444.4377883743844,,,,,,
2025-11-17 22:11:00,444.91820298114465,,,,,,
2025-11-17 22:12:00,445.40787375079947,,,,,,
2025-11-17 22:13:00,445.8796825664921,,,,,,
2025-11-17 22:14:00,446.3479325831089,,,,,,
2025-11-17 22:15:00,446.80344785109816,,,,,,
2025-11-17 22:16:00,447.29199170105875,,,,,,
2025-11-17 22:17:00,447.77126447329874,,,,,,
2025-11-17 22:18:00,448.26608975597685,,,,,,
2025-11-17 22:19:00,448.7748222920143,,,,,,
2025-11-17 22:20:00,449.27911806848533,,,,,,
2025-11-17 22:21:00,449.78232925759073,,,,,,
2025-11-17 22:22:00,450.29328974910834,,,,,,
2025-11-17 22:23:00,450.8471521463296,,,,,,
2025-11-17 22:24:00,451.40312832512456,,,,,,
2025-11-17 22:25:00,451.97117389869817,,,,,,
2025-11-17 22:26:00,452.55067254998295,,,,,,
2025-11-17 22:27:00,453.1619583263407,,,,,,
2025-11-17 22:28:00,453.78403401992733,,,,,,
2025-11-17 22:29:00,454.4139883042827,,,,,,
2025-11-17 22:30:00,455.04024190592287,,,,,,
2025-11-17 22:31:00,455.7031953280302,,,,,,
2025-11-17 22:32:00,456.39794995668206,,,,,,
2025-11-17 22:33:00,457.08609457343533,,,,,,
2025-11-17 22:34:00,457.8002060897911,,,,,,
2025-11-17 22:35:00,458.51020224390476,,,,,,
2025-11-17 22:36:00,459.23421991317537,,,,,,
2025-11-17 22:37:00,460.0023915860526,,,,,,
2025-11-17 22:38:00,460.7908304244438,,,,,,
2025-11-17 22:39:00,461.5804567182439,,,,,,
2025-11-17 22:40:00,462.3994871274457,,,,,,
2025-11-17 22:41:00,463.2009568209162,,,,,,
2025-11-17 22:42:00,464.02011443797613,,,,,,
2025-11-17 22:43:00,464.8467441587882,,,,,,
2025-11-17 22:44:00,465.6844458508608,,,,,,
2025-11-17 22:45:00,466.5248630716228,,,,,,
2025-11-17 22:46:00,467.40150280803726,,,,,,
2025-11-17 22:47:00,468.2886979691111,,,,,,
2025-11-17 22:48:00,469.1775906675884,,,,,,
2025-11-17 22:49:00,470.069517894214,,,,,,
2025-11-17 22:50:00,470.943153984702,,,,,,
2025-11-17 22:51:00,471.82581336650486,,,,,,
2025-11-17 22:52:00,472.7162111814339,,,,,,
2025-11-17 22:53:00,473.61091534003634,,,,,,
2025-11-17 22:54:00,474.4926564164418,,,,,,
2025-11-17 22:55:00,475.37214445068355,,,,,,
2025-11-17 22:56:00,476.24191844749816,,,,,,
2025-11-17 22:57:00,477.1166117658519,,,,,,
2025-11-17 22:58:00,477.99297127566786,,,,,,
2025-11-17 22:59:00,478.8487234971283,,,,,,
2025-11-17 23:00:00,479.68142000799514,,,,,,
2025-11-17 23:01:00,480.5060215840827,,,,,,
2025-11-17 23:02:00,481.3356536134466,,,,,,
2025-11-17 23:03:00,482.1322857343627,,,,,,
2025-11-17 23:04:00,482.9284144631228,,,,,,
2025-11-17 23:05:00,483.69263366123283,,,,,,
2025-11-17 23:06:00,484.457903381381,,,,,,
2025-11-17 23:07:00,485.20146071547725,,,,,,
2025-11-17 23:08:00,485.91536787158935,,,,,,
2025-11-17 23:09:00,486.62355995429147,,,,,,
2025-11-17 23:10:00,487.2997348091417,,,,,,
2025-11-17 23:11:00,487.98909391355113,,,,,,
2025-11-17 23:12:00,488.66940854754296,,,,,,
2025-11-17 23:13:00,489.32447471672526,,,,,,
2025-11-17 23:14:00,489.9611213716962,,,,,,
2025-11-17 23:15:00,490.5776476929969,,,,,,
2025-11-17 23:16:00,491.1980671802687,,,,,,
2025-11-17 23:17:00,491.8009976827041,,,,,,
2025-11-17 23:18:00,492.38739882830174,,,,,,
2025-11-17 23:19:00,492.97104140774474,,,,,,
2025-11-17 23:20:00,493.5215431311104,,,,,,
2025-11-17 23:21:00,494.06685046229546,,,,,,
2025-11-17 23:22:00,494.61797636504804,,,,,,
2025-11-17 23:23:00,495.15989273940704,,,,,,
2025-11-17 23:24:00,495.6609114967073,,,,,,
2025-11-17 23:25:00,496.18455548115605,,,,,,
2025-11-17 23:26:00,496.7033478956523,,,,,,
2025-11-17 23:27:00,497.2012423337831,,,,,,
2025-11-17 23:28:00,497.7006330685603,,,,,,
2025-11-17 23:29:00,498.22236446675214,,,,,,
2025-11-17 23:30:00,498.7224706602945,,,,,,
2025-11-17 23:31:00,499.2504597644513,,,,,,
2025-11-17 23:32:00,499.7782973042162,,,,,,
2025-11-17 23:33:00,500.3176773891944,,,,,,
2025-11-17 23:34:00,500.85292231534584,,,,,,
2025-11-17 23:35:00,501.37571371111153,,,,,,
2025-11-17 23:36:00,501.9404192656173,,,,,,
2025-11-17 23:37:00,502.47756486222113,,,,,,
2025-11-17 23:38:00,503.0614255705412,,,,,,
2025-11-17 23:39:00,503.6344679235796,,,,,,
2025-11-17 23:40:00,504.2360579571654,,,,,,
2025-11-17 23:41:00,504.8535833359176,,,,,,
2025-11-17 23:42:00,505.46341242201794,,,,,,
2025-11-17 23:43:00,506.1125297063111,,,,,,
2025-11-17 23:44:00,506.77066945827266,,,,,,
2025-11-17 23:45:00,507.4526217289066,,,,,,
2025-11-17 23:46:00,508.12518745802635,,,,,,
2025-11-17 23:47:00,508.85168451457525,,,,,,
2025-11-17 23:48:00,509.583278584426,,,,,,
2025-11-17 23:49:00,510.31894631762367,,,,,,
2025-11-17 23:50:00,511.06864559536484,,,,,,
2025-11-17 23:51:00,511.8501855566852,,,,,,
2025-11-17 23:52:00,512.656890885449,,,,,,
2025-11-17 23:53:00,513.4750691051644,,,,,,
2025-11-17 23:54:00,514.3075188388681,,,,,,
2025-11-17 23:55:00,515.145442901435,,,,,,
2025-11-17 23:56:00,515.9983808537198,,,,,,
2025-11-17 23:57:00,516.8177522720435,,,,,,
2025-11-17 23:58:00,517.6345799734345,,,,,,
2025-11-17 23:59:00,518.4708204993365,,,,,,
2025-11-18 00:00:00,519.2886787882456,,,,,,
2025-11-18 00:01:00,520.1117997719016,,,,,,
2025-11-18 00:02:00,520.9552852885196,,,,,,
2025-11-18 00:03:00,521.8097653236148,,,,,,
2025-11-18 00:04:00,522.6613744557902,,,,,,
2025-11-18 00:05:00,523.5021086501821,,,,,,
2025-11-18 00:06:00,524.3193868716104,,,,,,
2025-11-18 00:07:00,525.1735792238816,,,,,,
2025-11-18 00:08:00,526.0144998375996,,,,,,
2025-11-18 00:09:00,526.8398285048868,,,,,,
2025-11-18 00:10:00,527.6830036810436,,,,,,
2025-11-18 00:11:00,528.5371207643544,,,,,,
2025-11-18 00:12:00,529.3890219342995,,,,,,
2025-11-18 00:13:00,530.2438784639672,,,,,,
2025-11-18 00:14:00,531.0967757244671,,,,,,
2025-11-18 00:15:00,531.9322616043366,,,,,,
2025-11-18 00:16:00,532.7749636757582,,,,,,
2025-11-18 00:17:00,533.6220237694606,,,,,,
2025-11-18 00:18:00,534.4528655379372,,,,,,
2025-11-18 00:19:00,535.2714558713625,,,,,,
2025-11-18 00:20:00,536.1104681599837,,,,,,
2025-11-18 00:21:00,536.9527202149901,,,,,,
2025-11-18 00:22:00,537.7882781977702,,,,,,
2025-11-18 00:23:00,538.6055551094762,,,,,,
2025-11-18 00:24:00,539.4231860329858,,,,,,
2025-11-18 00:25:00,540.2776420703027,,,,,,
2025-11-18 00:26:00,541.0945945162316,,,,,,
2025-11-18 00:27:00,541.9299734063628,,,,,,
2025-11-18 00:28:00,542.7519497903306,,,,,,
2025-11-18 00:29:00,543.5885522244017,,,,,,
2025-11-18 00:30:00,544.4137786262598,,,,,,
2025-11-18 00:31:00,545.2483658376652,,,,,,
2025-11-18 00:32:00,546.1041383620758,,,,,,
2025-11-18 00:33:00,546.931324836321,,,,,,
2025-11-18 00:34:00,547.7839793673968,,,,,,
2025-11-18 00:35:00,548.6288131978373,,,,,,
2025-11-18 00:36:00,549.4452888834998,,,,,,
2025-11-18 00:37:00,550.2928011700358,,,,,,
2025-11-18 00:38:00,551.1273623193189,,,,,,
2025-11-18 00:39:00,551.9692156052159,,,,,,
2025-11-18 00:40:00,552.8072125117371,,,,,,
2025-11-18 00:41:00,553.6532602489453,,,,,,
2025-11-18 00:42:00,554.505931836038,,,,,,
2025-11-18 00:43:00,555.351984175968,,,,,,
2025-11-18 00:44:00,556.2078632077817,,,,,,
2025-11-18 00:45:00,557.0329354602218,,,,,,
2025-11-18 00:46:00,557.8806214489986,,,,,,
2025-11-18 00:47:00,558.7047475077296,,,,,,
2025-11-18 00:48:00,559.524807901122,,,,,,
2025-11-18 00:49:00,560.3719921628144,,,,,,
2025-11-18 00:50:00,561.2265788583062,,,,,,
2025-11-18 00:51:00,562.0580825756616,,,,,,
2025-11-18 00:52:00,562.89146054843,,,,,,
2025-11-18 00:53:00,563.7316607329,,,,,,
2025-11-18 00:54:00,564.5480004370008,,,,,,
2025-11-18 00:55:00,565.3736853953507,,,,,,
2025-11-18 00:56:00,566.2195102343244,,,,,,
2025-11-18 00:57:00,567.0718085704717,,,,,,
2025-11-18 00:58:00,567.9204025929305,,,,,,
2025-11-18 00:59:00,568.7671097734584,,,,,,
2025-11-18 01:00:00,569.6122707020128,,,,,,
2025-11-18 01:01:00,570.4431529542311,,,,,,
2025-11-18 01:02:00,571.277188917516,,,,,,
2025-11-18 01:03:00,572.1144763005407,,,,,,
2025-11-18 01:04:00,572.9361967575311,,,,,,
2025-11-18 01:05:00,573.7798150360208,,,,,,
2025-11-18 01:06:00,574.610577701975,,,,,,
2025-11-18 01:07:00,575.4522269918414,,,,,,
2025-11-18 01:08:00,576.2930474429935,,,,,,
2025-11-18 01:09:00,577.1114385920617,,,,,,
2025-11-18 01:10:00,577.9431969808559,,,,,,
2025-11-18 01:11:00,578.782728601853,,,,,,
2025-11-18 01:12:00,579.615672222967,,,,,,
2025-11-18 01:13:00,580.4340813790386,,,,,,
2025-11-18 01:14:00,581.273281210495,,,,,,
2025-11-18 01:15:00,582.1111964404475,,,,,,
2025-11-18 01:16:00,582.9496565257099,,,,,,
2025-11-18 01:17:00,583.785864598565,,,,,,
2025-11-18 01:18:00,584.6255199876139,,,,,,
2025-11-18 01:19:00,585.4799177149686,,,,,,
2025-11-18 01:20:00,586.31890247349,,,,,,
2025-11-18 01:21:00,587.1389143036413,,,,,,
2025-11-18 01:22:00,587.9767564120328,,,,,,
2025-11-18 01:23:00,588.7974860032077,,,,,,
2025-11-18 01:24:00,589.6347768440609,,,,,,
2025-11-18 01:25:00,590.4553218534469,,,,,,
2025-11-18 01:26:00,591.2892254520473,,,,,,
2025-11-18 01:27:00,592.1448160554836,,,,,,
2025-11-18 01:28:00,592.9621735656002,,,,,,
2025-11-18 01:29:00,593.8119573664959,,,,,,
2025-11-18 01:30:00,594.656008543261,,,,,,
2025-11-18 01:31:00,595.4846278432544,,,,,,
2025-11-18 01:32:00,596.3347559064705,,,,,,
2025-11-18 01:33:00,597.1861091015804,,,,,,
2025-11-18 01:34:00,598.0222638306091,,,,,,
2025-11-18 01:35:00,598.8562294263584,,,,,,
2025-11-18 01:36:00,599.6855600547483,,,,,,
2025-11-18 01:37:00,600.523435264729,,,,,,
2025-11-18 01:38:00,601.3560714174553,,,,,,
2025-11-18 01:39:00,602.2005803648149,,,,,,
2025-11-18 01:40:00,603.0373209563061,,,,,,
2025-11-18 01:41:00,603.882068820831,,,,,,
2025-11-18 01:42:00,604.7191493652874,,,,,,
2025-11-18 01:43:00,605.5672727420572,,,,,,
2025-11-18 01:44:00,606.3925956288766,,,,,,
2025-11-18 01:45:00,607.2162323453701,,,,,,
2025-11-18 01:46:00,608.0490241489924,,,,,,
2025-11-18 01:47:00,608.8947068129673,,,,,,
2025-11-18 01:48:00,609.7280119113789,,,,,,
2025-11-18 01:49:00,610.5477077762672,,,,,,
2025-11-18 01:50:00,611.3966709825422,,,,,,
2025-11-18 01:51:00,612.2446637083308,,,,,,
2025-11-18 01:52:00,613.0781657876001,,,,,,
2025-11-18 01:53:00,613.9320747175245,,,,,,
2025-11-18 01:54:00,614.7503455329154,,,,,,
2025-11-18 01:55:00,615.567478911143,,,,,,
2025-11-18 01:56:00,616.4233596244654,,,,,,
2025-11-18 01:57:00,617.2537742067847,,,,,,
2025-11-18 01:58:00,618.0743546134696,,,,,,
2025-11-18 01:59:00,618.9070937083294,,,,,,
2025-11-18 02:00:00,619.7490605534142,,,,,,
2025-11-18 02:01:00,620.5909053907535,,,,,,
2025-11-18 02:02:00,621.430598807046,,,,,,
2025-11-18 02:03:00,622.2637072874066,,,,,,
2025-11-18 02:04:00,623.0867515868653,,,,,,
2025-11-18 02:05:00,623.9254729493911,,,,,,
2025-11-18 02:06:00,624.7608877878188,,,,,,
2025-11-18 02:07:00,625.592985733447,,,,,,
2025-11-18 02:08:00,626.4432848788402,,,,,,
2025-11-18 02:09:00,627.2944862653227,,,,,,
2025-11-18 02:10:00,628.121555226643,,,,,,
2025-11-18 02:11:00,628.9414481011938,,,,,,
2025-11-18 02:12:00,629.7744109193624,,,,,,
2025-11-18 02:13:00,630.6262222650025,,,,,,
2025-11-18 02:14:00,631.4618293344603,,,,,,
2025-11-18 02:15:00,632.2968839163944,,,,,,
2025-11-18 02:16:00,633.1341255699632,,,,,,
2025-11-18 02:17:00,633.952297431021,,,,,,
2025-11-18 02:18:00,634.7851465316345,,,,,,
2025-11-18 02:19:00,635.6273046627449,,,,,,
2025-11-18 02:20:00,636.4571389271056,,,,,,
2025-11-18 02:21:00,637.2780263793336,,,,,,
2025-11-18 02:22:00,638.1133771228073,,,,,,
2025-11-18 02:23:00,638.9557173295611,,,,,,
2025-11-18 02:24:00,639.793833591253,,,,,,
2025-11-18 02:25:00,640.6351219095077,,,,,,
2025-11-18 02:26:00,641.4873365714616,,,,,,
2025-11-18 02:27:00,642.3144976587075,,,,,,
2025-11-18 02:28:00,643.1568157618029,,,,,,
2025-11-18 02:29:00,643.9908964690327,,,,,,
2025-11-18 02:30:00,644.8320879156327,,,,,,
2025-11-18 02:31:00,645.6573376244493,,,,,,
2025-11-18 02:32:00,646.5128470991956,,,,,,
2025-11-18 02:33:00,647.3540814175607,,,,,,
2025-11-18 02:34:00,648.185333627044,,,,,,
2025-11-18 02:35:00,649.0278377259929,,,,,,
2025-11-18 02:36:00,649.8815780116712,,,,,,
2025-11-18 02:37:00,650.7270130511622,,,,,,
2025-11-18 02:38:00,651.5544236051065,,,,,,
2025-11-18 02:39:00,652.3745594364731,,,,,,
2025-11-18 02:40:00,653.2130916175777,,,,,,
2025-11-18 02:41:00,654.0357206136458,,,,,,
2025-11-18 02:42:00,654.8594618926807,,,,,,
2025-11-18 02:43:00,655.7131330598475,,,,,,
2025-11-18 02:44:00,656.5644005144239,,,,,,
2025-11-18 02:45:00,657.4154517094074,,,,,,
2025-11-18 02:46:00,658.2574085798415,,,,,,
2025-11-18 02:47:00,659.0773650558199,,,,,,
2025-11-18 02:48:00,659.9133601109908,,,,,,
2025-11-18 02:49:00,660.758573995046,,,,,,
2025-11-18 02:50:00,661.5883568634379,,,,,,
2025-11-18 02:51:00,662.4276563668577,,,,,,
2025-11-18 02:52:00,663.2592124051137,,,,,,
2025-11-18 02:53:00,664.0834867966753,,,,,,
2025-11-18 02:54:00,664.9222889896687,,,,,,
2025-11-18 02:55:00,665.7600833425787,,,,,,
2025-11-18 02:56:00,666.5816235301745,,,,,,
2025-11-18 02:57:00,667.429961699389,,,,,,
2025-11-18 02:58:00,668.2727274558724,,,,,,
2025-11-18 02:59:00,669.1224370726992,,,,,,
2025-11-18 03:00:00,669.9444955293117,,,,,,
2025-11-18 03:01:00,670.7650979236649,,,,,,
2025-11-18 03:02:00,671.5938094417661,,,,,,
2025-11-18 03:03:00,672.4183739495909,,,,,,
2025-11-18 03:04:00,673.2349995037451,,,,,,
2025-11-18 03:05:00,674.0745439649908,,,,,,
2025-11-18 03:06:00,674.9234788724597,,,,,,
2025-11-18 03:07:00,675.7645440974901,,,,,,
2025-11-18 03:08:00,676.5991625710282,,,,,,
2025-11-18 03:09:00,677.4205527994712,,,,,,
2025-11-18 03:10:00,678.2527863137566,,,,,,
2025-11-18 03:11:00,679.0705902494927,,,,,,
2025-11-18 03:12:00,679.9011533558238,,,,,,
2025-11-18 03:13:00,680.7444672650616,,,,,,
2025-11-18 03:14:00,681.584291046047,,,,,,
2025-11-18 03:15:00,682.4290143466227,,,,,,
2025-11-18 03:16:00,683.279720914693,,,,,,
2025-11-18 03:17:00,684.1311972867246,,,,,,
2025-11-18 03:18:00,684.9839711189275,,,,,,
2025-11-18 03:19:00,685.8218446430272,,,,,,
2025-11-18 03:20:00,686.6601377419529,,,,,,
2025-11-18 03:21:00,687.4800224610151,,,,,,
2025-11-18 03:22:00,688.330724834285,,,,,,
2025-11-18 03:23:00,689.1598002446633,,,,,,
2025-11-18 03:24:00,689.9896709624587,,,,,,
2025-11-18 03:25:00,690.8294377781891,,,,,,
2025-11-18 03:26:00,691.6714936809494,,,,,,
2025-11-18 03:27:00,692.4883800669319,,,,,,
2025-11-18 03:28:00,693.3194609829254,,,,,,
2025-11-18 03:29:00,694.1539340367469,,,,,,
2025-11-18 03:30:00,694.9864906844037,,,,,,
2025-11-18 03:31:00,695.8360122536977,,,,,,
2025-11-18 03:32:00,696.6676932175682,,,,,,
2025-11-18 03:33:00,697.4864956162885,,,,,,
2025-11-18 03:34:00,698.3072730830394,,,,,,
2025-11-18 03:35:00,699.1489605462497,,,,,,
2025-11-18 03:36:00,699.9986993868969,,,,,,
2025-11-18 03:37:00,700.8316844037926,,,,,,
2025-11-18 03:38:00,701.6845017233038,,,,,,
2025-11-18 03:39:00,702.5012970877126,,,,,,
2025-11-18 03:40:00,703.3574022342026,,,,,,
2025-11-18 03:41:00,704.21249302185,,,,,,
2025-11-18 03:42:00,705.0497709606428,,,,,,
2025-11-18 03:43:00,705.8882114039875,,,,,,
2025-11-18 03:44:00,706.7172105324199,,,,,,
2025-11-18 03:45:00,707.5383839853391,,,,,,
2025-11-18 03:46:00,708.3743735635353,,,,,,
2025-11-18 03:47:00,709.2213542294296,,,,,,
2025-11-18 03:48:00,710.0467803421725,,,,,,
2025-11-18 03:49:00,710.8960872342759,,,,,,
2025-11-18 03:50:00,711.7173770112311,,,,,,
2025-11-18 03:51:00,712.5546218258403,,,,,,
2025-11-18 03:52:00,713.4046639975057,,,,,,
2025-11-18 03:53:00,714.2414453307679,,,,,,
2025-11-18 03:54:00,715.0878231840734,,,,,,
2025-11-18 03:55:00,715.9208782010004,,,,,,
2025-11-18 03:56:00,716.743727063489,,,,,,
2025-11-18 03:57:00,717.5835688446269,,,,,,
2025-11-18 03:58:00,718.4111328753784,,,,,,
2025-11-18 03:59:00,719.2547480589645,,,,,,
2025-11-18 04:00:00,720.0965441673291,,,,,,
2025-11-18 04:01:00,720.9342722110248,,,,,,
2025-11-18 04:02:00,721.7903689971511,,,,,,
2025-11-18 04:03:00,722.6130051092963,,,,,,
2025-11-18 04:04:00,723.4615272310712,,,,,,
2025-11-18 04:05:00,724.289990636898,,,,,,
2025-11-18 04:06:00,725.134151221001,,,,,,
2025-11-18 04:07:00,725.9579018237658,,,,,,
2025-11-18 04:08:00,726.7810718508698,,,,,,
2025-11-18 04:09:00,727.6261560561761,,,,,,
2025-11-18 04:10:00,728.480219342673,,,,,,
2025-11-18 04:11:00,729.3165807813368,,,,,,
2025-11-18 04:12:00,730.1578691788815,,,,,,
2025-11-18 04:13:00,730.9958631604914,,,,,,
2025-11-18 04:14:00,731.8350099787446,,,,,,
2025-11-18 04:15:00,732.6532354314417,,,,,,
2025-11-18 04:16:00,733.4727672229997,,,,,,
2025-11-18 04:17:00,734.3224838454503,,,,,,
2025-11-18 04:18:00,735.1565973992374,,,,,,
2025-11-18 04:19:00,736.0122372752012,,,,,,
2025-11-18 04:20:00,736.8644089782048,,,,,,
2025-11-18 04:21:00,737.7077386818976,,,,,,
2025-11-18 04:22:00,738.5571685898528,,,,,,
2025-11-18 04:23:00,739.3958398283646,,,,,,
2025-11-18 04:24:00,740.2180715089434,,,,,,
2025-11-18 04:25:00,741.0589914543747,,,,,,
2025-11-18 04:26:00,741.8981569907638,,,,,,
2025-11-18 04:27:00,742.7495858389159,,,,,,
2025-11-18 04:28:00,743.5968143986908,,,,,,
2025-11-18 04:29:00,744.4469295645528,,,,,,
2025-11-18 04:30:00,745.2947346893285,,,,,,
2025-11-18 04:31:00,746.148485954308,,,,,,
2025-11-18 04:32:00,746.9650808727789,,,,,,
2025-11-18 04:33:00,747.7836160891985,,,,,,
2025-11-18 04:34:00,748.6012238955809,,,,,,
2025-11-18 04:35:00,749.4456787727548,,,,,,
2025-11-18 04:36:00,750.2858216747909,,,,,,
2025-11-18 04:37:00,751.1126408970587,,,,,,
2025-11-18 04:38:00,751.958098922408,,,,,,
2025-11-18 04:39:00,752.7863624511406,,,,,,
2025-11-18 04:40:00,753.6025172622734,,,,,,
2025-11-18 04:41:00,754.4227450962497,,,,,,
2025-11-18 04:42:00,755.2647068979306,,,,,,
2025-11-18 04:43:00,756.1017575757718,,,,,,
2025-11-18 04:44:00,756.9378153485162,,,,,,
2025-11-18 04:45:00,757.7580830905819,,,,,,
2025-11-18 04:46:00,758.6071943331704,,,,,,
2025-11-18 04:47:00,759.4283262196209,,,,,,
2025-11-18 04:48:00,760.280557265834,,,,,,
2025-11-18 04:49:00,761.1230514735602,,,,,,
2025-11-18 04:50:00,761.9653851086828,,,,,,
2025-11-18 04:51:00,762.7982440995443,,,,,,
2025-11-18 04:52:00,763.6175767322534,,,,,,
2025-11-18 04:53:00,764.4591192960996,,,,,,
2025-11-18 04:54:00,765.3000311802815,,,,,,
2025-11-18 04:55:00,766.1259817842836,,,,,,
2025-11-18 04:56:00,766.9482438109463,,,,,,
2025-11-18 04:57:00,767.778915731038,,,,,,
2025-11-18 04:58:00,768.6015047264774,,,,,,
2025-11-18 04:59:00,769.4234540332355,,,,,,
2025-11-18 05:00:00,770.2795240051829,,,,,,
2025-11-18 05:01:00,771.1313653304815,,,,,,
2025-11-18 05:02:00,771.9809426535099,,,,,,
2025-11-18 05:03:00,772.825499524204,,,,,,
2025-11-18 05:04:00,773.6740898240688,,,,,,
2025-11-18 05:05:00,774.5282559768839,,,,,,
2025-11-18 05:06:00,775.366726941367,,,,,,
2025-11-18 05:07:00,776.2102198121618,,,,,,
2025-11-18 05:08:00,777.0615594968898,,,,,,
2025-11-18 05:09:00,777.9115071563343,,,,,,
2025-11-18 05:10:00,778.7657066685827,,,,,,
2025-11-18 05:11:00,779.599146194016,,,,,,
2025-11-18 05:12:00,780.4289802694348,,,,,,
2025-11-18 05:13:00,781.2459082084581,,,,,,
2025-11-18 05:14:00,782.0735835733257,,,,,,
2025-11-18 05:15:00,782.9215723542512,,,,,,
2025-11-18 05:16:00,783.7687594454849,,,,,,
2025-11-18 05:17:00,784.6197283368588,,,,,,
2025-11-18 05:18:00,785.4509135951987,,,,,,
2025-11-18 05:19:00,786.2939137955136,,,,,,
2025-11-18 05:20:00,787.1133844334895,,,,,,
2025-11-18 05:21:00,787.9620420536482,,,,,,
2025-11-18 05:22:00,788.795984232512,,,,,,
2025-11-18 05:23:00,789.6497993407987,,,,,,
2025-11-18 05:24:00,790.4745570515213,,,,,,
2025-11-18 05:25:00,791.3132726522571,,,,,,
2025-11-18 05:26:00,792.1626507920267,,,,,,
2025-11-18 05:27:00,793.0051252309132,,,,,,
2025-11-18 05:28:00,793.8495541657458,,,,,,
2025-11-18 05:29:00,794.6983843074796,,,,,,
2025-11-18 05:30:00,795.5185664739807,,,,,,
2025-11-18 05:31:00,796.352937280527,,,,,,
2025-11-18 05:32:00,797.1704457238536,,,,,,
2025-11-18 05:33:00,798.0076250054478,,,,,,
2025-11-18 05:34:00,798.8283901171227,,,,,,
2025-11-18 05:35:00,799.6787433086847,,,,,,
2025-11-18 05:36:00,800.5095727152336,,,,,,
2025-11-18 05:37:00,801.3580263733111,,,,,,
2025-11-18 05:38:00,802.1914429598248,,,,,,
2025-11-18 05:39:00,803.0091339320205,,,,,,
2025-11-18 05:40:00,803.8582621751382,,,,,,
2025-11-18 05:41:00,804.6805298210941,,,,,,
2025-11-18 05:42:00,805.5163388112637,,,,,,
2025-11-18 05:43:00,806.3683304753007,,,,,,
2025-11-18 05:44:00,807.2111384171709,,,,,,
2025-11-18 05:45:00,808.0535867525747,,,,,,
2025-11-18 05:46:00,808.8945048389974,,,,,,
2025-11-18 05:47:00,809.721509459826,,,,,,
2025-11-18 05:48:00,810.548882286211,,,,,,
2025-11-18 05:49:00,811.3762722304755,,,,,,
2025-11-18 05:50:00,812.2155240877871,,,,,,
2025-11-18 05:51:00,813.0378231827958,,,,,,
2025-11-18 05:52:00,813.8660729758286,,,,,,
2025-11-18 05:53:00,814.7049251445738,,,,,,
2025-11-18 05:54:00,815.5426954888446,,,,,,
2025-11-18 05:55:00,816.3977633204445,,,,,,
2025-11-18 05:56:00,817.2268391352321,,,,,,
2025-11-18 05:57:00,818.0635454374135,,,,,,
2025-11-18 05:58:00,818.8988971033446,,,,,,
2025-11-18 05:59:00,819.7264832360161,,,,,,
2025-11-18 06:00:00,820.5653350703811,,,,,,
2025-11-18 06:01:00,821.3933277293455,,,,,,
2025-11-18 06:02:00,822.2156593245824,,,,,,
2025-11-18 06:03:00,823.0471114445347,,,,,,
2025-11-18 06:04:00,823.900554807653,,,,,,
2025-11-18 06:05:00,824.7534259897308,,,,,,
2025-11-18 06:06:00,825.5862420033399,,,,,,
2025-11-18 06:07:00,826.4311384293751,,,,,,
2025-11-18 06:08:00,827.2730194361975,,,,,,
2025-11-18 06:09:00,828.1151351131164,,,,,,
2025-11-18 06:10:00,828.9613605325777,,,,,,
2025-11-18 06:11:00,829.8158884703118,,,,,,
2025-11-18 06:12:00,830.6455455077208,,,,,,
2025-11-18 06:13:00,831.4647982295911,,,,,,
2025-11-18 06:14:00,832.2834507836203,,,,,,
2025-11-18 06:15:00,833.106132874087,,,,,,
2025-11-18 06:16:00,833.9605543423648,,,,,,
2025-11-18 06:17:00,834.7854666648495,,,,,,
2025-11-18 06:18:00,835.6334425989323,,,,,,
2025-11-18 06:19:00,836.4779442146588,,,,,,
2025-11-18 06:20:00,837.3018371903037,,,,,,
2025-11-18 06:21:00,838.1284034963318,,,,,,
2025-11-18 06:22:00,838.9626135342345,,,,,,
2025-11-18 06:23:00,839.8132041198247,,,,,,
2025-11-18 06:24:00,840.6638146065216,,,,,,
2025-11-18 06:25:00,841.4923830906681,,,,,,
2025-11-18 06:26:00,842.3362005116431,,,,,,
2025-11-18 06:27:00,843.1758785097187,,,,,,
2025-11-18 06:28:00,844.00854021032,,,,,,
2025-11-18 06:29:00,844.857721239349,,,,,,
2025-11-18 06:30:00,845.6865519008377,,,,,,
2025-11-18 06:31:00,846.5301393624522,,,,,,
2025-11-18 06:32:00,847.3527099415237,,,,,,
2025-11-18 06:33:00,848.1771007138644,,,,,,
2025-11-18 06:34:00,849.0169468800588,,,,,,
2025-11-18 06:35:00,849.8450283759466,,,,,,
2025-11-18 06:36:00,850.6942729478615,,,,,,
2025-11-18 06:37:00,851.5267169134404,,,,,,
2025-11-18 06:38:00,852.3740790094615,,,,,,
2025-11-18 06:39:00,853.2106625287239,,,,,,
2025-11-18 06:40:00,854.0489036932541,,,,,,
2025-11-18 06:41:00,854.9046123862847,,,,,,
2025-11-18 06:42:00,855.7569438774934,,,,,,
2025-11-18 06:43:00,856.6027130457495,,,,,,
2025-11-18 06:44:00,857.442053755179,,,,,,
2025-11-18 06:45:00,858.2879956681057,,,,,,
2025-11-18 06:46:00,859.1427828752512,,,,,,
2025-11-18 06:47:00,859.997337705803,,,,,,
2025-11-18 06:48:00,860.8452931122777,,,,,,
2025-11-18 06:49:00,861.6977803999288,,,,,,
2025-11-18 06:50:00,862.5155488961526,,,,,,
2025-11-18 06:51:00,863.3557314458776,,,,,,
2025-11-18 06:52:00,864.2045381438118,,,,,,
2025-11-18 06:53:00,865.0452057082039,,,,,,
2025-11-18 06:54:00,865.8702306906118,,,,,,
2025-11-18 06:55:00,866.7037184969805,,,,,,
2025-11-18 06:56:00,867.5525131682685,,,,,,
2025-11-18 06:57:00,868.4044834034967,,,,,,
2025-11-18 06:58:00,869.2605911806536,,,,,,
2025-11-18 06:59:00,870.0873487414848,,,,,,
2025-11-18 07:00:00,870.905752212139,,,,,,
2025-11-18 07:01:00,871.7300219501828,,,,,,
2025-11-18 07:02:00,872.5761343783425,,,,,,
2025-11-18 07:03:00,873.4005568321232,,,,,,
2025-11-18 07:04:00,874.2314106496689,,,,,,
2025-11-18 07:05:00,875.0606624389603,,,,,,
2025-11-18 07:06:00,875.9019588431081,,,,,,
2025-11-18 07:07:00,876.7472195292233,,,,,,
2025-11-18 07:08:00,877.5920081880811,,,,,,
2025-11-18 07:09:00,878.4240083377969,,,,,,
2025-11-18 07:10:00,879.2570228826423,,,,,,
2025-11-18 07:11:00,880.0908135672391,,,,,,
2025-11-18 07:12:00,880.9286017219858,,,,,,
2025-11-18 07:13:00,881.7699067689322,,,,,,
2025-11-18 07:14:00,882.6060050535091,,,,,,
2025-11-18 07:15:00,883.4504422932691,,,,,,
2025-11-18 07:16:00,884.2824149882127,,,,,,
2025-11-18 07:17:00,885.1059021327114,,,,,,
2025-11-18 07:18:00,885.9278404825559,,,,,,
2025-11-18 07:19:00,886.7759868549261,,,,,,
2025-11-18 07:20:00,887.6238758882836,,,,,,
2025-11-18 07:21:00,888.4765856059454,,,,,,
2025-11-18 07:22:00,889.3178676399986,,,,,,
2025-11-18 07:23:00,890.1478317857576,,,,,,
2025-11-18 07:24:00,890.9780752945236,,,,,,
2025-11-18 07:25:00,891.8337507054206,,,,,,
2025-11-18 07:26:00,892.6696231695922,,,,,,
2025-11-18 07:27:00,893.4993490972151,,,,,,
2025-11-18 07:28:00,894.3511692402625,,,,,,
2025-11-18 07:29:00,895.1931512550357,,,,,,
2025-11-18 07:30:00,896.0119269205279,,,,,,
2025-11-18 07:31:00,896.8678592056083,,,,,,
2025-11-18 07:32:00,897.7102517765906,,,,,,
2025-11-18 07:33:00,898.5492359584892,,,,,,
2025-11-18 07:34:00,899.3958029950302,,,,,,
2025-11-18 07:35:00,900.2402137396876,,,,,,
2025-11-18 07:36:00,901.0948197028384,,,,,,
2025-11-18 07:37:00,901.9264305387217,,,,,,
2025-11-18 07:38:00,902.7448057581464,,,,,,
2025-11-18 07:39:00,903.5793768500549,,,,,,
2025-11-18 07:40:00,904.4002524857235,,,,,,
2025-11-18 07:41:00,905.2256464783168,,,,,,
2025-11-18 07:42:00,906.0436487386944,,,,,,
2025-11-18 07:43:00,906.8615988747092,,,,,,
2025-11-18 07:44:00,907.67906425684,,,,,,
2025-11-18 07:45:00,908.5282651875872,,,,,,
2025-11-18 07:46:00,909.3518156715328,,,,,,
2025-11-18 07:47:00,910.1771039580024,,,,,,
2025-11-18 07:48:00,911.0228109571833,,,,,,
2025-11-18 07:49:00,911.8699614673427,,,,,,
2025-11-18 07:50:00,912.7232439072388,,,,,,
2025-11-18 07:51:00,913.5411287472298,,,,,,
2025-11-18 07:52:00,914.3759923340102,,,,,,
2025-11-18 07:53:00,915.2041286886503,,,,,,
2025-11-18 07:54:00,916.0547226161401,,,,,,
2025-11-18 07:55:00,916.8843746064473,,,,,,
2025-11-18 07:56:00,917.7370361009514,,,,,,
2025-11-18 07:57:00,918.5550441791247,,,,,,
2025-11-18 07:58:00,919.3979141542937,,,,,,
2025-11-18 07:59:00,920.2197463698925,,,,,,
2025-11-18 08:00:00,921.0610648523273,,,,,,
2025-11-18 08:01:00,921.8968539048236,,,,,,
2025-11-18 08:02:00,922.7354012699182,,,,,,
2025-11-18 08:03:00,923.5806848452844,,,,,,
2025-11-18 08:04:00,924.4343932983423,,,,,,
2025-11-18 08:05:00,925.268039474097,,,,,,
2025-11-18 08:06:00,926.0888081289626,,,,,,
2025-11-18 08:07:00,926.9345410978049,,,,,,
2025-11-18 08:08:00,927.7782533709309,,,,,,
2025-11-18 08:09:00,928.6261095018407,,,,,,
2025-11-18 08:10:00,929.4536974539333,,,,,,
2025-11-18 08:11:00,930.3062513689796,,,,,,
2025-11-18 08:12:00,931.1455376852441,,,,,,
2025-11-18 08:13:00,931.9778425902621,,,,,,
2025-11-18 08:14:00,932.8107445915174,,,,,,
2025-11-18 08:15:00,933.6416078104719,,,,,,
2025-11-18 08:16:00,934.4725517972767,,,,,,
2025-11-18 08:17:00,935.3230313524905,,,,,,
2025-11-18 08:18:00,936.1503556030556,,,,,,
2025-11-18 08:19:00,936.986389106344,,,,,,
2025-11-18 08:20:00,937.8174122266851,,,,,,
2025-11-18 08:21:00,938.6427653718001,,,,,,
2025-11-18 08:22:00,939.4888758265755,,,,,,
2025-11-18 08:23:00,940.3358800125267,,,,,,
2025-11-18 08:24:00,941.1764613783238,,,,,,
2025-11-18 08:25:00,942.0041680727528,,,,,,
2025-11-18 08:26:00,942.8302248986229,,,,,,
2025-11-18 08:27:00,943.6817265444122,,,,,,
2025-11-18 08:28:00,944.5040278832023,,,,,,
2025-11-18 08:29:00,945.3545964128474,,,,,,
2025-11-18 08:30:00,946.1777864794202,,,,,,
2025-11-18 08:31:00,947.0041930883727,,,,,,
2025-11-18 08:32:00,947.8485157716575,,,,,,
2025-11-18 08:33:00,948.7033164813912,,,,,,
2025-11-18 08:34:00,949.5358320557552,,,,,,
2025-11-18 08:35:00,950.3760092879305,,,,,,
2025-11-18 08:36:00,951.2077745688446,,,,,,
2025-11-18 08:37:00,952.0615722465272,,,,,,
2025-11-18 08:38:00,952.896674669879,,,,,,
2025-11-18 08:39:00,953.7161044223511,,,,,,
2025-11-18 08:40:00,954.5487467011677,,,,,,
2025-11-18 08:41:00,955.390164413227,,,,,,
2025-11-18 08:42:00,956.2139608001553,,,,,,
2025-11-18 08:43:00,957.0358146611804,,,,,,
2025-11-18 08:44:00,957.8584776396381,,,,,,
2025-11-18 08:45:00,958.6838899267307,,,,,,
2025-11-18 08:46:00,959.5212674661522,,,,,,
2025-11-18 08:47:00,960.370790733883,,,,,,
2025-11-18 08:48:00,961.1967935882419,,,,,,
2025-11-18 08:49:00,962.0268445788972,,,,,,
2025-11-18 08:50:00,962.849423929429,,,,,,
2025-11-18 08:51:00,963.6758179621175,,,,,,
2025-11-18 08:52:00,964.5026453803363,,,,,,
2025-11-18 08:53:00,965.3395643459,,,,,,
2025-11-18 08:54:00,966.1892765671073,,,,,,
2025-11-18 08:55:00,967.0078835785571,,,,,,
2025-11-18 08:56:00,967.8521657775769,,,,,,
2025-11-18 08:57:00,968.6806781936206,,,,,,
2025-11-18 08:58:00,969.5171152961658,,,,,,
2025-11-18 08:59:00,970.3605538597184,,,,,,
2025-11-18 09:00:00,971.1854309300504,,,,,,
2025-11-18 09:01:00,972.0203536292697,,,,,,
2025-11-18 09:02:00,972.8677215018565,,,,,,
2025-11-18 09:03:00,973.6965677299382,,,,,,
2025-11-18 09:04:00,974.5374806688907,,,,,,
2025-11-18 09:05:00,975.357020119565,,,,,,
2025-11-18 09:06:00,976.2022397059794,,,,,,
2025-11-18 09:07:00,977.0458431156566,,,,,,
2025-11-18 09:08:00,977.866169428764,,,,,,
2025-11-18 09:09:00,978.694266148446,,,,,,
2025-11-18 09:10:00,979.5247873276394,,,,,,
2025-11-18 09:11:00,980.3513322375737,,,,,,
2025-11-18 09:12:00,981.1861871204835,,,,,,
2025-11-18 09:13:00,982.0380138660042,,,,,,
2025-11-18 09:14:00,982.875936716635,,,,,,
2025-11-18 09:15:00,983.69592000384,,,,,,
2025-11-18 09:16:00,984.5411432000914,,,,,,
2025-11-18 09:17:00,985.3812975239965,,,,,,
2025-11-18 09:18:00,986.2034608988766,,,,,,
2025-11-18 09:19:00,987.0371183018142,,,,,,
2025-11-18 09:20:00,987.86666870396,,,,,,
2025-11-18 09:21:00,988.689101371227,,,,,,
2025-11-18 09:22:00,989.5329379408313,,,,,,
2025-11-18 09:23:00,990.3740092289113,,,,,,
2025-11-18 09:24:00,991.2261356288099,,,,,,
2025-11-18 09:25:00,992.0741151985186,,,,,,
2025-11-18 09:26:00,992.9079234009128,,,,,,
2025-11-18 09:27:00,993.7445433508079,,,,,,
2025-11-18 09:28:00,994.5713639059891,,,,,,
2025-11-18 09:29:00,995.4194050719324,,,,,,
2025-11-18 09:30:00,996.2481415350512,,,,,,
2025-11-18 09:31:00,997.1034561903086,,,,,,
2025-11-18 09:32:00,997.9201601265411,,,,,,
2025-11-18 09:33:00,998.7432138391589,,,,,,
2025-11-18 09:34:00,999.5606048518658,,,,,,
2025-11-18 09:35:00,1000.4153883541221,,,,,,
2025-11-18 09:36:00,1001.2471486239955,,,,,,
2025-11-18 09:37:00,1002.0917897898731,,,,,,
2025-11-18 09:38:00,1002.9429683699881,,,,,,
2025-11-18 09:39:00,1003.7724042139367,,,,,,
2025-11-18 09:40:00,1004.6180847374994,,,,,,
2025-11-18 09:41:00,1005.4530568451778,,,,,,
2025-11-18 09:42:00,1006.2931996976989,,,,,,
2025-11-18 09:43:00,1007.1100583405275,,,,,,
2025-11-18 09:44:00,1007.9475521643915,,,,,,
2025-11-18 09:45:00,1008.7753959543741,,,,,,
2025-11-18 09:46:00,1009.612491961082,,,,,,
2025-11-18 09:47:00,1010.4534225163669,,,,,,
2025-11-18 09:48:00,1011.2860559129018,,,,,,
2025-11-18 09:49:00,1012.1358937955675,,,,,,
2025-11-18 09:50:00,1012.973235255493,,,,,,
2025-11-18 09:51:00,1013.7952366288624,,,,,,
2025-11-18 09:52:00,1014.6338671365667,,,,,,
2025-11-18 09:53:00,1015.4768039627895,,,,,,
2025-11-18 09:54:00,1016.2968620982654,,,,,,
2025-11-18 09:55:00,1017.1436586559162,,,,,,
2025-11-18 09:56:00,1017.978089110255,,,,,,
2025-11-18 09:57:00,1018.8182030675571,,,,,,
2025-11-18 09:58:00,1019.6420936429022,,,,,,
2025-11-18 09:59:00,1020.4954740683484,,,,,,
2025-11-18 10:00:00,1021.3188913460241,,,,,,
2025-11-18 10:01:00,1022.1712246803339,,,,,,
2025-11-18 10:02:00,1022.9946444938698,,,,,,
2025-11-18 10:03:00,1023.8380056573864,,,,,,
2025-11-18 10:04:00,1024.6791010600211,,,,,,
2025-11-18 10:05:00,1025.5064995109062,,,,,,
2025-11-18 10:06:00,1026.331154315798,,,,,,
2025-11-18 10:07:00,1027.1698455470626,,,,,,
2025-11-18 10:08:00,1028.0129370101295,,,,,,
2025-11-18 10:09:00,1028.8440317947868,,,,,,
2025-11-18 10:10:00,1029.662425956475,,,,,,
2025-11-18 10:11:00,1030.490216059589,,,,,,
2025-11-18 10:12:00,1031.3349473369258,,,,,,
2025-11-18 10:13:00,1032.1517486684436,,,,,,
2025-11-18 10:14:00,1033.0021956991716,,,,,,
2025-11-18 10:15:00,1033.8553975824072,,,,,,
2025-11-18 10:16:00,1034.7022341857792,,,,,,
2025-11-18 10:17:00,1035.5302985609603,,,,,,
2025-11-18 10:18:00,1036.358129418833,,,,,,
2025-11-18 10:19:00,1037.1787931912768,,,,,,
2025-11-18 10:20:00,1038.0284354782361,,,,,,
2025-11-18 10:21:00,1038.8626603018004,,,,,,
2025-11-18 10:22:00,1039.6894787535066,,,,,,
2025-11-18 10:23:00,1040.5339972195616,,,,,,
2025-11-18 10:24:00,1041.382630329091,,,,,,
2025-11-18 10:25:00,1042.2051862139888,,,,,,
2025-11-18 10:26:00,1043.0432199731927,,,,,,
2025-11-18 10:27:00,1043.8953830881524,,,,,,
2025-11-18 10:28:00,1044.7439808405056,,,,,,
2025-11-18 10:29:00,1045.5721553238448,,,,,,
2025-11-18 10:30:00,1046.3990890173513,,,,,,
2025-11-18 10:31:00,1047.2314165239077,,,,,,
2025-11-18 10:32:00,1048.057075570283,,,,,,
2025-11-18 10:33:00,1048.8962291610355,,,,,,
2025-11-18 10:34:00,1049.730965986821,,,,,,
2025-11-18 10:35:00,1050.5830979988802,,,,,,
2025-11-18 10:36:00,1051.4128432878247,,,,,,
2025-11-18 10:37:00,1052.263220644288,,,,,,
2025-11-18 10:38:00,1053.0986835976373,,,,,,
2025-11-18 10:39:00,1053.928639037932,,,,,,
2025-11-18 10:40:00,1054.7694267917825,,,,,,
2025-11-18 10:41:00,1055.5913368581607,,,,,,
2025-11-18 10:42:00,1056.4090274637235,,,,,,
2025-11-18 10:43:00,1057.2282851741202,,,,,,
2025-11-18 10:44:00,1058.065705036957,,,,,,
2025-11-18 10:45:00,1058.8877324350433,,,,,,
2025-11-18 10:46:00,1059.739260384607,,,,,,
2025-11-18 10:47:00,1060.5613855636173,,,,,,
2025-11-18 10:48:00,1061.413689576224,,,,,,
2025-11-18 10:49:00,1062.2363241840535,,,,,,
2025-11-18 10:50:00,1063.0812473352664,,,,,,
2025-11-18 10:51:00,1063.928424283018,,,,,,
2025-11-18 10:52:00,1064.7546695189503,,,,,,
2025-11-18 10:53:00,1065.5727558211352,,,,,,
2025-11-18 10:54:00,1066.413476402631,,,,,,
2025-11-18 10:55:00,1067.2491237411703,,,,,,
2025-11-18 10:56:00,1068.1013942128172,,,,,,
2025-11-18 10:57:00,1068.9294184048804,,,,,,
2025-11-18 10:58:00,1069.778398951614,,,,,,
2025-11-18 10:59:00,1070.6137085473918,,,,,,
2025-11-18 11:00:00,1071.444953891172,,,,,,
2025-11-18 11:01:00,1072.2752067481456,,,,,,
2025-11-18 11:02:00,1073.1284518728278,,,,,,
2025-11-18 11:03:00,1073.970332634794,,,,,,
2025-11-18 11:04:00,1074.8188689154438,,,,,,
2025-11-18 11:05:00,1075.6634162297983,,,,,,
2025-11-18 11:06:00,1076.4892535761467,,,,,,
2025-11-18 11:07:00,1077.3266635250282,,,,,,
2025-11-18 11:08:00,1078.1711285410865,,,,,,
2025-11-18 11:09:00,1078.9941221981048,,,,,,
2025-11-18 11:10:00,1079.8301872170312,,,,,,
2025-11-18 11:11:00,1080.6498792887592,,,,,,
2025-11-18 11:12:00,1081.498689340955,,,,,,
2025-11-18 11:13:00,1082.3171295590964,,,,,,
2025-11-18 11:14:00,1083.15252443329,,,,,,
2025-11-18 11:15:00,1083.9986523192172,,,,,,
2025-11-18 11:16:00,1084.8502452672105,,,,,,
2025-11-18 11:17:00,1085.6868707390593,,,,,,
2025-11-18 11:18:00,1086.516632056157,,,,,,
2025-11-18 11:19:00,1087.3441015264161,,,,,,
